{"cameraMode":{"drawMode":0,"name":"Shaded","section":"Shading Mode"},"sceneLighting":true,"audioPlay":true,"sceneViewState":{"m_AlwaysRefresh":false,"showFog":true,"showSkybox":true,"showFlares":true,"showImageEffects":true,"showParticleSystems":true,"showVisualEffectGraphs":true,"m_FxEnabled":true},"in2DMode":false,"pivot":{"x":-0.11644870042800904,"y":-17.768613815307618,"z":-2.1769332885742189},"rotation":{"x":-0.0008140472928062081,"y":0.962562620639801,"z":-0.27106669545173647,"w":-0.0028879556339234115},"size":32.121219635009769,"orthographic":false}